{
  "metric": {
    "precision": 1.0,
    "recall": 1.0,
    "f1-score": 1.0,
    "support": 42,
    "confused_with": {}
  },
  "prodhier": {
    "precision": 0.8666666666666667,
    "recall": 1.0,
    "f1-score": 0.9285714285714286,
    "support": 13,
    "confused_with": {}
  },
  "store": {
    "precision": 1.0,
    "recall": 1.0,
    "f1-score": 1.0,
    "support": 21,
    "confused_with": {}
  },
  "location": {
    "precision": 0.8,
    "recall": 0.5714285714285714,
    "f1-score": 0.6666666666666666,
    "support": 7,
    "confused_with": {
      "prodhier": 1
    }
  },
  "preference": {
    "precision": 1.0,
    "recall": 1.0,
    "f1-score": 1.0,
    "support": 181,
    "confused_with": {}
  },
  "timehier": {
    "precision": 1.0,
    "recall": 1.0,
    "f1-score": 1.0,
    "support": 24,
    "confused_with": {}
  },
  "micro avg": {
    "precision": 0.9895833333333334,
    "recall": 0.9895833333333334,
    "f1-score": 0.9895833333333334,
    "support": 288
  },
  "macro avg": {
    "precision": 0.9444444444444445,
    "recall": 0.9285714285714285,
    "f1-score": 0.9325396825396824,
    "support": 288
  },
  "weighted avg": {
    "precision": 0.9891203703703704,
    "recall": 0.9895833333333334,
    "f1-score": 0.9886739417989419,
    "support": 288
  },
  "accuracy": 0.9917218543046358
}